date_id,date,day,month,year,quarter,weekday
17533,2023-02-10,10,2,2023,1,5
17534,2021-01-08,8,1,2021,1,5
17535,2024-11-29,29,11,2024,4,5
17536,2021-08-07,7,8,2021,3,6
17537,2022-11-16,16,11,2022,4,3
17538,2024-02-23,23,2,2024,1,5
17539,2022-12-09,9,12,2022,4,5
17540,2021-02-14,14,2,2021,1,0
17541,2024-07-20,20,7,2024,3,6
17542,2023-01-23,23,1,2023,1,1
17543,2021-04-16,16,4,2021,2,5
17544,2021-07-14,14,7,2021,3,3
17545,2021-05-17,17,5,2021,2,1
17546,2021-05-27,27,5,2021,2,4
17547,2021-11-12,12,11,2021,4,5
17548,2022-11-26,26,11,2022,4,6
17549,2020-07-02,2,7,2020,3,4
17550,2024-04-07,7,4,2024,2,0
17551,2024-01-26,26,1,2024,1,5
17552,2022-05-28,28,5,2022,2,6
17553,2025-02-11,11,2,2025,1,2
17554,2024-03-26,26,3,2024,1,2
17555,2024-01-03,3,1,2024,1,3
17556,2021-03-30,30,3,2021,1,2
17557,2025-02-03,3,2,2025,1,1
17558,2023-06-27,27,6,2023,2,2
17559,2024-07-05,5,7,2024,3,5
17560,2021-03-19,19,3,2021,1,5
17561,2020-12-01,1,12,2020,4,2
17562,2021-04-03,3,4,2021,2,6
17563,2021-05-20,20,5,2021,2,4
17564,2024-12-27,27,12,2024,4,5
17565,2023-11-12,12,11,2023,4,0
17566,2023-01-02,2,1,2023,1,1
17567,2023-07-03,3,7,2023,3,1
17568,2021-12-04,4,12,2021,4,6
17569,2021-03-14,14,3,2021,1,0
17570,2021-03-07,7,3,2021,1,0
17571,2024-06-13,13,6,2024,2,4
17572,2023-10-07,7,10,2023,4,6
17573,2025-04-02,2,4,2025,2,3
17574,2022-11-06,6,11,2022,4,0
17575,2021-02-09,9,2,2021,1,2
17576,2023-08-11,11,8,2023,3,5
17577,2021-03-10,10,3,2021,1,3
17578,2023-03-21,21,3,2023,1,2
17579,2022-03-22,22,3,2022,1,2
17580,2023-07-16,16,7,2023,3,0
17581,2022-08-07,7,8,2022,3,0
17582,2023-09-18,18,9,2023,3,1
17583,2023-10-17,17,10,2023,4,2
17584,2020-06-12,12,6,2020,2,5
17585,2022-02-05,5,2,2022,1,6
17586,2024-06-20,20,6,2024,2,4
17587,2025-05-01,1,5,2025,2,4
17588,2024-05-31,31,5,2024,2,5
17589,2024-06-25,25,6,2024,2,2
17590,2020-08-02,2,8,2020,3,0
17591,2020-08-08,8,8,2020,3,6
17592,2023-08-21,21,8,2023,3,1
17593,2023-06-08,8,6,2023,2,4
17594,2023-02-18,18,2,2023,1,6
17595,2023-10-20,20,10,2023,4,5
17596,2024-05-02,2,5,2024,2,4
17597,2022-02-11,11,2,2022,1,5
17598,2021-06-29,29,6,2021,2,2
17599,2023-04-18,18,4,2023,2,2
17600,2023-09-26,26,9,2023,3,2
17601,2023-12-10,10,12,2023,4,0
17602,2022-05-30,30,5,2022,2,1
17603,2022-11-20,20,11,2022,4,0
17604,2023-01-24,24,1,2023,1,2
17605,2022-11-07,7,11,2022,4,1
17606,2022-04-06,6,4,2022,2,3
17607,2024-05-30,30,5,2024,2,4
17608,2021-07-20,20,7,2021,3,2
17609,2021-08-17,17,8,2021,3,2
17610,2022-05-05,5,5,2022,2,4
17611,2021-02-11,11,2,2021,1,4
17612,2022-09-17,17,9,2022,3,6
17613,2023-05-11,11,5,2023,2,4
17614,2022-03-20,20,3,2022,1,0
17615,2021-02-15,15,2,2021,1,1
17616,2022-03-24,24,3,2022,1,4
17617,2021-01-13,13,1,2021,1,3
17618,2022-12-15,15,12,2022,4,4
17619,2024-05-16,16,5,2024,2,4
17620,2025-01-27,27,1,2025,1,1
17621,2021-01-03,3,1,2021,1,0
17622,2022-01-06,6,1,2022,1,4
17623,2021-03-06,6,3,2021,1,6
17624,2025-03-11,11,3,2025,1,2
17625,2021-09-28,28,9,2021,3,2
17626,2021-10-22,22,10,2021,4,5
17627,2023-01-05,5,1,2023,1,4
17628,2022-11-25,25,11,2022,4,5
17629,2021-01-26,26,1,2021,1,2
17630,2024-08-18,18,8,2024,3,0
17631,2023-12-14,14,12,2023,4,4
17632,2020-06-28,28,6,2020,2,0
17633,2023-11-18,18,11,2023,4,6
17634,2022-08-05,5,8,2022,3,5
17635,2023-05-20,20,5,2023,2,6
17636,2021-05-19,19,5,2021,2,3
17637,2024-04-22,22,4,2024,2,1
17638,2024-05-11,11,5,2024,2,6
17639,2021-10-03,3,10,2021,4,0
17640,2023-07-19,19,7,2023,3,3
17641,2024-09-29,29,9,2024,3,0
17642,2025-03-19,19,3,2025,1,3
17643,2022-05-20,20,5,2022,2,5
17644,2021-03-28,28,3,2021,1,0
17645,2024-03-17,17,3,2024,1,0
17646,2025-02-05,5,2,2025,1,3
17647,2023-12-17,17,12,2023,4,0
17648,2023-05-31,31,5,2023,2,3
17649,2020-11-24,24,11,2020,4,2
17650,2020-10-05,5,10,2020,4,1
17651,2025-04-09,9,4,2025,2,3
17652,2020-10-03,3,10,2020,4,6
17653,2022-07-13,13,7,2022,3,3
17654,2023-07-13,13,7,2023,3,4
17655,2024-12-18,18,12,2024,4,3
17656,2021-09-18,18,9,2021,3,6
17657,2022-03-31,31,3,2022,1,4
17658,2024-06-18,18,6,2024,2,2
17659,2025-01-15,15,1,2025,1,3
17660,2025-02-09,9,2,2025,1,0
17661,2024-11-10,10,11,2024,4,0
17662,2021-12-28,28,12,2021,4,2
17663,2021-09-07,7,9,2021,3,2
17664,2022-08-25,25,8,2022,3,4
17665,2022-02-27,27,2,2022,1,0
17666,2021-08-02,2,8,2021,3,1
17667,2024-01-25,25,1,2024,1,4
17668,2025-03-31,31,3,2025,1,1
17669,2023-10-26,26,10,2023,4,4
17670,2025-03-06,6,3,2025,1,4
17671,2021-11-25,25,11,2021,4,4
17672,2021-01-14,14,1,2021,1,4
17673,2023-03-24,24,3,2023,1,5
17674,2021-05-05,5,5,2021,2,3
17675,2020-07-09,9,7,2020,3,4
17676,2022-11-28,28,11,2022,4,1
17677,2022-02-16,16,2,2022,1,3
17678,2021-02-24,24,2,2021,1,3
17679,2025-01-09,9,1,2025,1,4
17680,2021-06-21,21,6,2021,2,1
17681,2024-10-23,23,10,2024,4,3
17682,2020-08-15,15,8,2020,3,6
17683,2024-11-25,25,11,2024,4,1
17684,2025-03-14,14,3,2025,1,5
17685,2021-02-16,16,2,2021,1,2
17686,2023-08-12,12,8,2023,3,6
17687,2023-08-01,1,8,2023,3,2
17688,2023-01-20,20,1,2023,1,5
17689,2024-06-17,17,6,2024,2,1
17690,2020-08-22,22,8,2020,3,6
17691,2020-08-21,21,8,2020,3,5
17692,2023-12-01,1,12,2023,4,5
17693,2025-03-21,21,3,2025,1,5
17694,2020-09-25,25,9,2020,3,5
17695,2024-02-12,12,2,2024,1,1
17696,2025-05-18,18,5,2025,2,0
17697,2022-01-22,22,1,2022,1,6
17698,2024-02-25,25,2,2024,1,0
17699,2022-10-25,25,10,2022,4,2
17700,2020-10-29,29,10,2020,4,4
17701,2023-02-01,1,2,2023,1,3
17702,2023-07-14,14,7,2023,3,5
17703,2020-12-19,19,12,2020,4,6
17704,2021-10-02,2,10,2021,4,6
17705,2024-03-13,13,3,2024,1,3
17706,2022-04-15,15,4,2022,2,5
17707,2021-10-10,10,10,2021,4,0
17708,2024-09-18,18,9,2024,3,3
17709,2023-11-22,22,11,2023,4,3
17710,2024-01-01,1,1,2024,1,1
17711,2020-11-20,20,11,2020,4,5
17712,2022-09-02,2,9,2022,3,5
17713,2022-12-14,14,12,2022,4,3
17714,2023-01-18,18,1,2023,1,3
17715,2024-07-16,16,7,2024,3,2
17716,2022-02-03,3,2,2022,1,4
17717,2021-06-06,6,6,2021,2,0
17718,2022-08-24,24,8,2022,3,3
17719,2022-10-28,28,10,2022,4,5
17720,2024-05-08,8,5,2024,2,3
17721,2023-06-19,19,6,2023,2,1
17722,2024-05-28,28,5,2024,2,2
17723,2021-04-06,6,4,2021,2,2
17724,2022-07-20,20,7,2022,3,3
17725,2021-09-05,5,9,2021,3,0
17726,2021-01-02,2,1,2021,1,6
17727,2022-03-30,30,3,2022,1,3
17728,2024-09-19,19,9,2024,3,4
17729,2025-05-22,22,5,2025,2,4
17730,2021-01-09,9,1,2021,1,6
17731,2023-12-04,4,12,2023,4,1
17732,2023-05-19,19,5,2023,2,5
17733,2021-08-11,11,8,2021,3,3
17734,2022-05-26,26,5,2022,2,4
17735,2021-05-31,31,5,2021,2,1
17736,2021-08-28,28,8,2021,3,6
17737,2024-04-09,9,4,2024,2,2
17738,2022-12-31,31,12,2022,4,6
17739,2021-09-06,6,9,2021,3,1
17740,2021-08-09,9,8,2021,3,1
17741,2022-12-27,27,12,2022,4,2
17742,2022-08-15,15,8,2022,3,1
17743,2023-11-14,14,11,2023,4,2
17744,2021-11-20,20,11,2021,4,6
17745,2024-12-30,30,12,2024,4,1
17746,2024-11-04,4,11,2024,4,1
17747,2024-01-24,24,1,2024,1,3
17748,2024-11-13,13,11,2024,4,3
17749,2021-10-05,5,10,2021,4,2
17750,2020-10-02,2,10,2020,4,5
17751,2023-12-05,5,12,2023,4,2
17752,2024-05-04,4,5,2024,2,6
17753,2023-01-16,16,1,2023,1,1
17754,2021-06-05,5,6,2021,2,6
17755,2022-12-06,6,12,2022,4,2
17756,2022-04-04,4,4,2022,2,1
17757,2024-08-17,17,8,2024,3,6
17758,2023-06-05,5,6,2023,2,1
17759,2022-12-07,7,12,2022,4,3
17760,2024-08-09,9,8,2024,3,5
17761,2021-12-17,17,12,2021,4,5
17762,2021-10-21,21,10,2021,4,4
17763,2020-10-28,28,10,2020,4,3
17764,2023-01-22,22,1,2023,1,0
17765,2024-06-08,8,6,2024,2,6
17766,2020-07-14,14,7,2020,3,2
17767,2021-04-23,23,4,2021,2,5
17768,2021-08-18,18,8,2021,3,3
17769,2021-03-12,12,3,2021,1,5
17770,2025-03-27,27,3,2025,1,4
17771,2024-06-29,29,6,2024,2,6
17772,2024-04-19,19,4,2024,2,5
17773,2025-05-29,29,5,2025,2,4
17774,2020-12-09,9,12,2020,4,3
17775,2021-07-03,3,7,2021,3,6
17776,2023-05-24,24,5,2023,2,3
17777,2023-11-06,6,11,2023,4,1
17778,2024-08-08,8,8,2024,3,4
17779,2021-06-07,7,6,2021,2,1
17780,2020-09-03,3,9,2020,3,4
17781,2022-01-29,29,1,2022,1,6
17782,2022-04-17,17,4,2022,2,0
17783,2021-03-26,26,3,2021,1,5
17784,2022-05-08,8,5,2022,2,0
17785,2021-08-19,19,8,2021,3,4
17786,2022-12-03,3,12,2022,4,6
17787,2020-11-25,25,11,2020,4,3
17788,2021-03-11,11,3,2021,1,4
17789,2022-09-23,23,9,2022,3,5
17790,2024-06-12,12,6,2024,2,3
17791,2022-06-13,13,6,2022,2,1
17792,2024-05-24,24,5,2024,2,5
17793,2023-09-09,9,9,2023,3,6
17794,2022-08-27,27,8,2022,3,6
17795,2021-11-30,30,11,2021,4,2
17796,2020-07-15,15,7,2020,3,3
17797,2025-01-04,4,1,2025,1,6
17798,2023-03-05,5,3,2023,1,0
17799,2021-12-01,1,12,2021,4,3
17800,2024-08-03,3,8,2024,3,6
17801,2025-05-11,11,5,2025,2,0
17802,2022-08-12,12,8,2022,3,5
17803,2022-12-05,5,12,2022,4,1
17804,2023-07-17,17,7,2023,3,1
17805,2021-08-21,21,8,2021,3,6
17806,2021-09-20,20,9,2021,3,1
17807,2023-12-15,15,12,2023,4,5
17808,2025-03-10,10,3,2025,1,1
17809,2021-07-22,22,7,2021,3,4
17810,2025-01-10,10,1,2025,1,5
17811,2021-12-13,13,12,2021,4,1
17812,2023-01-19,19,1,2023,1,4
17813,2022-07-25,25,7,2022,3,1
17814,2024-09-27,27,9,2024,3,5
17815,2020-08-09,9,8,2020,3,0
17816,2023-10-19,19,10,2023,4,4
17817,2024-03-10,10,3,2024,1,0
17818,2024-05-25,25,5,2024,2,6
17819,2022-05-01,1,5,2022,2,0
17820,2024-11-11,11,11,2024,4,1
17821,2023-10-22,22,10,2023,4,0
17822,2023-10-21,21,10,2023,4,6
17823,2023-01-26,26,1,2023,1,4
17824,2022-01-26,26,1,2022,1,3
17825,2025-03-07,7,3,2025,1,5
17826,2023-05-17,17,5,2023,2,3
17827,2021-05-29,29,5,2021,2,6
17828,2022-09-05,5,9,2022,3,1
17829,2022-07-19,19,7,2022,3,2
17830,2023-11-25,25,11,2023,4,6
17831,2025-02-24,24,2,2025,1,1
17832,2021-01-23,23,1,2021,1,6
17833,2024-10-17,17,10,2024,4,4
17834,2021-07-23,23,7,2021,3,5
17835,2023-10-23,23,10,2023,4,1
17836,2021-04-15,15,4,2021,2,4
17837,2021-11-14,14,11,2021,4,0
17838,2022-07-28,28,7,2022,3,4
17839,2024-08-20,20,8,2024,3,2
17840,2023-09-12,12,9,2023,3,2
17841,2023-12-28,28,12,2023,4,4
17842,2021-11-09,9,11,2021,4,2
17843,2025-02-02,2,2,2025,1,0
17844,2024-02-17,17,2,2024,1,6
17845,2023-09-13,13,9,2023,3,3
17846,2024-12-29,29,12,2024,4,0
17847,2022-04-14,14,4,2022,2,4
17848,2022-09-18,18,9,2022,3,0
17849,2023-09-24,24,9,2023,3,0
17850,2022-08-10,10,8,2022,3,3
17851,2021-01-21,21,1,2021,1,4
17852,2023-11-28,28,11,2023,4,2
17853,2023-02-24,24,2,2023,1,5
17854,2024-05-29,29,5,2024,2,3
17855,2023-07-27,27,7,2023,3,4
17856,2024-04-26,26,4,2024,2,5
17857,2021-02-22,22,2,2021,1,1
17858,2020-11-01,1,11,2020,4,0
17859,2022-08-13,13,8,2022,3,6
17860,2025-03-26,26,3,2025,1,3
17861,2021-05-28,28,5,2021,2,5
17862,2021-05-23,23,5,2021,2,0
17863,2024-11-01,1,11,2024,4,5
17864,2024-10-14,14,10,2024,4,1
17865,2024-07-07,7,7,2024,3,0
17866,2022-09-06,6,9,2022,3,2
17867,2022-01-31,31,1,2022,1,1
17868,2023-09-23,23,9,2023,3,6
17869,2022-04-29,29,4,2022,2,5
17870,2021-12-09,9,12,2021,4,4
17871,2023-12-09,9,12,2023,4,6
17872,2023-11-15,15,11,2023,4,3
17873,2022-08-26,26,8,2022,3,5
17874,2024-02-05,5,2,2024,1,1
17875,2024-05-05,5,5,2024,2,0
17876,2023-03-01,1,3,2023,1,3
17877,2022-06-24,24,6,2022,2,5
17878,2023-10-09,9,10,2023,4,1
17879,2022-05-12,12,5,2022,2,4
17880,2021-03-17,17,3,2021,1,3
17881,2023-07-07,7,7,2023,3,5
17882,2021-09-21,21,9,2021,3,2
17883,2024-03-12,12,3,2024,1,2
17884,2024-10-08,8,10,2024,4,2
17885,2024-11-16,16,11,2024,4,6
17886,2021-01-31,31,1,2021,1,0
17887,2020-07-19,19,7,2020,3,0
17888,2020-08-31,31,8,2020,3,1
17889,2022-05-03,3,5,2022,2,2
17890,2020-06-22,22,6,2020,2,1
17891,2023-05-26,26,5,2023,2,5
17892,2020-08-07,7,8,2020,3,5
17893,2025-04-30,30,4,2025,2,3
17894,2025-05-30,30,5,2025,2,5
17895,2022-05-06,6,5,2022,2,5
17896,2023-05-09,9,5,2023,2,2
17897,2021-01-30,30,1,2021,1,6
17898,2024-04-16,16,4,2024,2,2
17899,2021-12-18,18,12,2021,4,6
17900,2024-02-27,27,2,2024,1,2
17901,2020-11-10,10,11,2020,4,2
17902,2023-06-16,16,6,2023,2,5
17903,2024-03-20,20,3,2024,1,3
17904,2023-01-09,9,1,2023,1,1
17905,2023-03-31,31,3,2023,1,5
17906,2024-08-01,1,8,2024,3,4
17907,2024-11-26,26,11,2024,4,2
17908,2021-10-01,1,10,2021,4,5
17909,2020-12-08,8,12,2020,4,2
17910,2023-02-26,26,2,2023,1,0
17911,2023-08-27,27,8,2023,3,0
17912,2025-06-05,5,6,2025,2,4
17913,2024-03-11,11,3,2024,1,1
17914,2020-08-01,1,8,2020,3,6
17915,2024-02-19,19,2,2024,1,1
17916,2022-10-21,21,10,2022,4,5
17917,2023-11-02,2,11,2023,4,4
17918,2023-01-04,4,1,2023,1,3
17919,2021-08-22,22,8,2021,3,0
17920,2022-12-13,13,12,2022,4,2
17921,2021-03-20,20,3,2021,1,6
17922,2021-01-24,24,1,2021,1,0
17923,2021-04-09,9,4,2021,2,5
17924,2021-07-25,25,7,2021,3,0
17925,2024-03-23,23,3,2024,1,6
17926,2021-09-24,24,9,2021,3,5
17927,2021-07-02,2,7,2021,3,5
17928,2023-09-08,8,9,2023,3,5
17929,2020-07-07,7,7,2020,3,2
17930,2021-07-01,1,7,2021,3,4
17931,2022-07-06,6,7,2022,3,3
17932,2022-11-13,13,11,2022,4,0
17933,2022-07-26,26,7,2022,3,2
17934,2023-03-08,8,3,2023,1,3
17935,2025-03-18,18,3,2025,1,2
17936,2023-02-08,8,2,2023,1,3
17937,2025-05-07,7,5,2025,2,3
17938,2022-05-23,23,5,2022,2,1
17939,2024-11-12,12,11,2024,4,2
17940,2021-04-27,27,4,2021,2,2
17941,2023-01-08,8,1,2023,1,0
17942,2025-01-31,31,1,2025,1,5
17943,2024-06-03,3,6,2024,2,1
17944,2022-09-28,28,9,2022,3,3
17945,2022-04-25,25,4,2022,2,1
17946,2020-07-24,24,7,2020,3,5
17947,2024-01-21,21,1,2024,1,0
17948,2023-07-30,30,7,2023,3,0
17949,2023-09-28,28,9,2023,3,4
17950,2023-11-16,16,11,2023,4,4
17951,2023-06-29,29,6,2023,2,4
17952,2021-08-08,8,8,2021,3,0
17953,2022-09-10,10,9,2022,3,6
17954,2022-01-21,21,1,2022,1,5
17955,2020-06-20,20,6,2020,2,6
17956,2024-01-22,22,1,2024,1,1
17957,2022-05-22,22,5,2022,2,0
17958,2024-12-16,16,12,2024,4,1
17959,2021-06-11,11,6,2021,2,5
17960,2022-03-17,17,3,2022,1,4
17961,2020-12-04,4,12,2020,4,5
17962,2020-11-14,14,11,2020,4,6
17963,2024-02-16,16,2,2024,1,5
17964,2021-11-10,10,11,2021,4,3
17965,2021-01-25,25,1,2021,1,1
17966,2023-04-06,6,4,2023,2,4
17967,2021-10-15,15,10,2021,4,5
17968,2021-04-08,8,4,2021,2,4
17969,2020-08-05,5,8,2020,3,3
17970,2022-08-04,4,8,2022,3,4
17971,2021-02-26,26,2,2021,1,5
17972,2024-02-28,28,2,2024,1,3
17973,2025-05-24,24,5,2025,2,6
17974,2022-12-17,17,12,2022,4,6
17975,2024-07-01,1,7,2024,3,1
17976,2023-06-07,7,6,2023,2,3
17977,2024-01-31,31,1,2024,1,3
17978,2025-03-15,15,3,2025,1,6
17979,2022-07-21,21,7,2022,3,4
17980,2024-02-14,14,2,2024,1,3
17981,2020-09-12,12,9,2020,3,6
17982,2024-03-07,7,3,2024,1,4
17983,2021-10-17,17,10,2021,4,0
17984,2020-09-23,23,9,2020,3,3
17985,2024-05-19,19,5,2024,2,0
17986,2023-05-06,6,5,2023,2,6
17987,2024-01-17,17,1,2024,1,3
17988,2020-11-22,22,11,2020,4,0
17989,2023-03-09,9,3,2023,1,4
17990,2025-05-02,2,5,2025,2,5
17991,2021-07-11,11,7,2021,3,0
17992,2024-06-09,9,6,2024,2,0
17993,2020-07-06,6,7,2020,3,1
17994,2023-05-22,22,5,2023,2,1
17995,2025-01-16,16,1,2025,1,4
17996,2022-02-21,21,2,2022,1,1
17997,2020-10-07,7,10,2020,4,3
17998,2024-10-16,16,10,2024,4,3
17999,2025-01-02,2,1,2025,1,4
18000,2021-10-31,31,10,2021,4,0
18001,2021-04-18,18,4,2021,2,0
18002,2021-10-14,14,10,2021,4,4
18003,2021-03-13,13,3,2021,1,6
18004,2020-12-21,21,12,2020,4,1
18005,2023-01-31,31,1,2023,1,2
18006,2024-11-30,30,11,2024,4,6
18007,2022-11-21,21,11,2022,4,1
18008,2024-06-10,10,6,2024,2,1
18009,2024-06-28,28,6,2024,2,5
18010,2024-04-17,17,4,2024,2,3
18011,2022-10-29,29,10,2022,4,6
18012,2020-09-13,13,9,2020,3,0
18013,2024-10-02,2,10,2024,4,3
18014,2022-06-08,8,6,2022,2,3
18015,2021-12-15,15,12,2021,4,3
18016,2022-05-18,18,5,2022,2,3
18017,2021-01-04,4,1,2021,1,1
18018,2020-10-18,18,10,2020,4,0
18019,2020-12-13,13,12,2020,4,0
18020,2022-11-29,29,11,2022,4,2
18021,2022-11-03,3,11,2022,4,4
18022,2024-05-10,10,5,2024,2,5
18023,2023-03-30,30,3,2023,1,4
18024,2024-02-22,22,2,2024,1,4
18025,2023-12-06,6,12,2023,4,3
18026,2022-10-23,23,10,2022,4,0
18027,2022-07-04,4,7,2022,3,1
18028,2023-11-21,21,11,2023,4,2
18029,2025-01-30,30,1,2025,1,4
18030,2020-07-26,26,7,2020,3,0
18031,2024-03-16,16,3,2024,1,6
18032,2022-10-14,14,10,2022,4,5
18033,2021-01-05,5,1,2021,1,2
18034,2023-01-29,29,1,2023,1,0
18035,2024-06-14,14,6,2024,2,5
18036,2021-06-10,10,6,2021,2,4
18037,2021-01-12,12,1,2021,1,2
18038,2022-03-13,13,3,2022,1,0
18039,2022-08-11,11,8,2022,3,4
18040,2024-02-02,2,2,2024,1,5
18041,2022-02-12,12,2,2022,1,6
18042,2020-08-20,20,8,2020,3,4
18043,2023-04-03,3,4,2023,2,1
18044,2024-03-18,18,3,2024,1,1
18045,2023-02-20,20,2,2023,1,1
18046,2024-06-22,22,6,2024,2,6
18047,2025-01-17,17,1,2025,1,5
18048,2022-08-31,31,8,2022,3,3
18049,2021-04-13,13,4,2021,2,2
18050,2024-09-22,22,9,2024,3,0
18051,2023-07-23,23,7,2023,3,0
18052,2023-03-23,23,3,2023,1,4
18053,2024-02-13,13,2,2024,1,2
18054,2020-10-22,22,10,2020,4,4
18055,2025-01-14,14,1,2025,1,2
18056,2022-06-04,4,6,2022,2,6
18057,2021-07-13,13,7,2021,3,2
18058,2024-09-20,20,9,2024,3,5
18059,2022-10-27,27,10,2022,4,4
18060,2022-11-18,18,11,2022,4,5
18061,2023-07-28,28,7,2023,3,5
18062,2022-05-13,13,5,2022,2,5
18063,2022-10-31,31,10,2022,4,1
18064,2022-09-19,19,9,2022,3,1
18065,2024-12-31,31,12,2024,4,2
18066,2023-03-07,7,3,2023,1,2
18067,2020-09-26,26,9,2020,3,6
18068,2023-02-17,17,2,2023,1,5
18069,2024-02-20,20,2,2024,1,2
18070,2021-12-16,16,12,2021,4,4
18071,2023-10-02,2,10,2023,4,1
18072,2024-01-29,29,1,2024,1,1
18073,2023-05-04,4,5,2023,2,4
18074,2020-09-17,17,9,2020,3,4
18075,2020-07-29,29,7,2020,3,3
18076,2022-02-28,28,2,2022,1,1
18077,2022-01-09,9,1,2022,1,0
18078,2022-07-01,1,7,2022,3,5
18079,2023-04-27,27,4,2023,2,4
18080,2021-07-07,7,7,2021,3,3
18081,2020-11-03,3,11,2020,4,2
18082,2021-12-24,24,12,2021,4,5
18083,2023-12-11,11,12,2023,4,1
18084,2023-07-02,2,7,2023,3,0
18085,2022-01-02,2,1,2022,1,0
18086,2023-11-19,19,11,2023,4,0
18087,2023-08-06,6,8,2023,3,0
18088,2021-12-05,5,12,2021,4,0
18089,2021-02-25,25,2,2021,1,4
18090,2023-12-20,20,12,2023,4,3
18091,2023-04-04,4,4,2023,2,2
18092,2023-04-30,30,4,2023,2,0
18093,2020-06-14,14,6,2020,2,0
18094,2025-03-24,24,3,2025,1,1
18095,2022-10-08,8,10,2022,4,6
18096,2021-11-29,29,11,2021,4,1
18097,2024-05-27,27,5,2024,2,1
18098,2023-02-09,9,2,2023,1,4
18099,2023-12-30,30,12,2023,4,6
18100,2021-01-06,6,1,2021,1,3
18101,2025-03-09,9,3,2025,1,0
18102,2022-08-22,22,8,2022,3,1
18103,2023-12-16,16,12,2023,4,6
18104,2023-09-20,20,9,2023,3,3
18105,2025-06-11,11,6,2025,2,3
18106,2022-08-16,16,8,2022,3,2
18107,2024-03-24,24,3,2024,1,0
18108,2023-10-29,29,10,2023,4,0
18109,2021-06-27,27,6,2021,2,0
18110,2021-01-19,19,1,2021,1,2
18111,2025-02-23,23,2,2025,1,0
18112,2022-11-09,9,11,2022,4,3
18113,2021-10-12,12,10,2021,4,2
18114,2021-12-03,3,12,2021,4,5
18115,2022-06-16,16,6,2022,2,4
18116,2024-12-04,4,12,2024,4,3
18117,2023-06-06,6,6,2023,2,2
18118,2022-02-07,7,2,2022,1,1
18119,2023-11-13,13,11,2023,4,1
18120,2024-04-20,20,4,2024,2,6
18121,2022-12-02,2,12,2022,4,5
18122,2023-01-13,13,1,2023,1,5
18123,2024-10-21,21,10,2024,4,1
18124,2020-10-31,31,10,2020,4,6
18125,2024-04-06,6,4,2024,2,6
18126,2023-11-01,1,11,2023,4,3
18127,2025-05-08,8,5,2025,2,4
18128,2023-04-15,15,4,2023,2,6
18129,2023-04-14,14,4,2023,2,5
18130,2021-04-11,11,4,2021,2,0
18131,2025-03-28,28,3,2025,1,5
18132,2021-03-22,22,3,2021,1,1
18133,2023-10-15,15,10,2023,4,0
18134,2022-10-09,9,10,2022,4,0
18135,2022-10-11,11,10,2022,4,2
18136,2021-07-26,26,7,2021,3,1
18137,2024-01-06,6,1,2024,1,6
18138,2024-05-26,26,5,2024,2,0
18139,2020-07-03,3,7,2020,3,5
18140,2024-03-05,5,3,2024,1,2
18141,2022-04-02,2,4,2022,2,6
18142,2024-07-11,11,7,2024,3,4
18143,2020-08-11,11,8,2020,3,2
18144,2025-02-28,28,2,2025,1,5
18145,2023-01-15,15,1,2023,1,0
18146,2021-11-26,26,11,2021,4,5
18147,2021-10-20,20,10,2021,4,3
18148,2023-12-23,23,12,2023,4,6
18149,2024-09-16,16,9,2024,3,1
18150,2021-10-19,19,10,2021,4,2
18151,2021-06-12,12,6,2021,2,6
18152,2021-06-14,14,6,2021,2,1
18153,2023-02-22,22,2,2023,1,3
18154,2022-07-08,8,7,2022,3,5
18155,2020-10-19,19,10,2020,4,1
18156,2023-12-03,3,12,2023,4,0
18157,2023-11-09,9,11,2023,4,4
18158,2024-12-23,23,12,2024,4,1
18159,2025-05-23,23,5,2025,2,5
18160,2024-08-06,6,8,2024,3,2
18161,2022-03-27,27,3,2022,1,0
18162,2023-04-25,25,4,2023,2,2
18163,2020-10-01,1,10,2020,4,4
18164,2023-05-16,16,5,2023,2,2
18165,2024-04-15,15,4,2024,2,1
18166,2023-03-11,11,3,2023,1,6
18167,2024-06-01,1,6,2024,2,6
18168,2021-11-07,7,11,2021,4,0
18169,2021-01-18,18,1,2021,1,1
18170,2024-05-06,6,5,2024,2,1
18171,2022-05-09,9,5,2022,2,1
18172,2024-01-28,28,1,2024,1,0
18173,2023-06-02,2,6,2023,2,5
18174,2023-08-03,3,8,2023,3,4
18175,2021-05-15,15,5,2021,2,6
18176,2025-05-13,13,5,2025,2,2
18177,2021-12-23,23,12,2021,4,4
18178,2022-04-09,9,4,2022,2,6
18179,2024-10-19,19,10,2024,4,6
18180,2023-11-27,27,11,2023,4,1
18181,2020-11-28,28,11,2020,4,6
18182,2021-04-26,26,4,2021,2,1
18183,2022-01-30,30,1,2022,1,0
18184,2025-03-20,20,3,2025,1,4
18185,2020-11-30,30,11,2020,4,1
18186,2024-10-04,4,10,2024,4,5
18187,2024-07-26,26,7,2024,3,5
18188,2021-10-08,8,10,2021,4,5
18189,2022-12-25,25,12,2022,4,0
18190,2025-06-04,4,6,2025,2,3
18191,2025-05-06,6,5,2025,2,2
18192,2021-08-15,15,8,2021,3,0
18193,2020-10-16,16,10,2020,4,5
18194,2023-02-25,25,2,2023,1,6
18195,2023-08-04,4,8,2023,3,5
18196,2024-06-02,2,6,2024,2,0
18197,2025-01-22,22,1,2025,1,3
18198,2021-12-02,2,12,2021,4,4
18199,2021-11-01,1,11,2021,4,1
18200,2020-12-31,31,12,2020,4,4
18201,2024-11-05,5,11,2024,4,2
18202,2020-07-31,31,7,2020,3,5
18203,2024-08-22,22,8,2024,3,4
18204,2024-04-25,25,4,2024,2,4
18205,2025-03-13,13,3,2025,1,4
18206,2023-03-15,15,3,2023,1,3
18207,2023-09-19,19,9,2023,3,2
18208,2023-09-17,17,9,2023,3,0
18209,2020-09-30,30,9,2020,3,3
18210,2020-08-16,16,8,2020,3,0
18211,2021-01-11,11,1,2021,1,1
18212,2020-12-10,10,12,2020,4,4
18213,2023-08-05,5,8,2023,3,6
18214,2023-10-08,8,10,2023,4,0
18215,2023-01-27,27,1,2023,1,5
18216,2023-06-18,18,6,2023,2,0
18217,2021-10-11,11,10,2021,4,1
18218,2024-09-04,4,9,2024,3,3
18219,2021-08-27,27,8,2021,3,5
18220,2020-07-28,28,7,2020,3,2
18221,2023-09-27,27,9,2023,3,3
18222,2020-08-10,10,8,2020,3,1
18223,2022-02-10,10,2,2022,1,4
18224,2023-11-30,30,11,2023,4,4
18225,2022-04-27,27,4,2022,2,3
18226,2020-11-13,13,11,2020,4,5
18227,2022-06-27,27,6,2022,2,1
18228,2024-08-31,31,8,2024,3,6
18229,2024-09-11,11,9,2024,3,3
18230,2024-07-18,18,7,2024,3,4
18231,2025-04-27,27,4,2025,2,0
18232,2022-06-10,10,6,2022,2,5
18233,2024-10-15,15,10,2024,4,2
18234,2025-03-29,29,3,2025,1,6
18235,2021-10-06,6,10,2021,4,3
18236,2025-03-02,2,3,2025,1,0
18237,2021-02-05,5,2,2021,1,5
18238,2021-05-07,7,5,2021,2,5
18239,2023-08-15,15,8,2023,3,2
18240,2024-09-05,5,9,2024,3,4
18241,2023-04-08,8,4,2023,2,6
18242,2021-12-10,10,12,2021,4,5
18243,2022-04-23,23,4,2022,2,6
18244,2023-11-11,11,11,2023,4,6
18245,2023-04-16,16,4,2023,2,0
18246,2022-08-09,9,8,2022,3,2
18247,2020-06-27,27,6,2020,2,6
18248,2023-03-14,14,3,2023,1,2
18249,2023-05-08,8,5,2023,2,1
18250,2022-09-29,29,9,2022,3,4
18251,2023-09-11,11,9,2023,3,1
18252,2022-06-11,11,6,2022,2,6
18253,2023-04-12,12,4,2023,2,3
18254,2022-07-14,14,7,2022,3,4
18255,2023-01-28,28,1,2023,1,6
18256,2020-06-13,13,6,2020,2,6
18257,2024-12-03,3,12,2024,4,2
18258,2023-12-07,7,12,2023,4,4
18259,2023-09-29,29,9,2023,3,5
18260,2023-03-12,12,3,2023,1,0
18261,2023-04-26,26,4,2023,2,3
18262,2024-02-24,24,2,2024,1,6
18263,2023-03-29,29,3,2023,1,3
18264,2023-10-03,3,10,2023,4,2
18265,2022-08-30,30,8,2022,3,2
18266,2023-06-09,9,6,2023,2,5
18267,2024-05-07,7,5,2024,2,2
18268,2023-01-25,25,1,2023,1,3
18269,2023-08-29,29,8,2023,3,2
18270,2024-06-16,16,6,2024,2,0
18271,2021-09-19,19,9,2021,3,0
18272,2020-09-19,19,9,2020,3,6
18273,2024-02-11,11,2,2024,1,0
18274,2020-09-20,20,9,2020,3,0
18275,2022-09-08,8,9,2022,3,4
18276,2023-02-06,6,2,2023,1,1
18277,2023-04-24,24,4,2023,2,1
18278,2023-09-01,1,9,2023,3,5
18279,2025-05-17,17,5,2025,2,6
18280,2021-04-29,29,4,2021,2,4
18281,2022-01-05,5,1,2022,1,3
18282,2022-01-18,18,1,2022,1,2
18283,2023-01-30,30,1,2023,1,1
18284,2024-10-20,20,10,2024,4,0
18285,2023-08-10,10,8,2023,3,4
18286,2021-05-12,12,5,2021,2,3
18287,2025-04-06,6,4,2025,2,0
18288,2021-09-27,27,9,2021,3,1
18289,2021-08-24,24,8,2021,3,2
18290,2021-09-08,8,9,2021,3,3
18291,2022-03-16,16,3,2022,1,3
18292,2021-06-03,3,6,2021,2,4
18293,2020-06-16,16,6,2020,2,2
18294,2022-10-26,26,10,2022,4,3
18295,2024-10-11,11,10,2024,4,5
18296,2022-01-16,16,1,2022,1,0
18297,2022-06-30,30,6,2022,2,4
18298,2022-09-09,9,9,2022,3,5
18299,2024-08-02,2,8,2024,3,5
18300,2025-01-20,20,1,2025,1,1
18301,2024-07-31,31,7,2024,3,3
18302,2023-10-16,16,10,2023,4,1
18303,2024-06-30,30,6,2024,2,0
18304,2021-09-15,15,9,2021,3,3
18305,2021-11-06,6,11,2021,4,6
18306,2020-08-30,30,8,2020,3,0
18307,2024-02-10,10,2,2024,1,6
18308,2022-06-23,23,6,2022,2,4
18309,2024-04-21,21,4,2024,2,0
18310,2021-01-28,28,1,2021,1,4
18311,2021-09-11,11,9,2021,3,6
18312,2021-10-29,29,10,2021,4,5
18313,2022-10-22,22,10,2022,4,6
18314,2022-07-22,22,7,2022,3,5
18315,2024-01-14,14,1,2024,1,0
18316,2024-03-04,4,3,2024,1,1
18317,2022-10-17,17,10,2022,4,1
18318,2021-04-22,22,4,2021,2,4
18319,2025-02-16,16,2,2025,1,0
18320,2022-01-14,14,1,2022,1,5
18321,2021-12-26,26,12,2021,4,0
18322,2025-03-05,5,3,2025,1,3
18323,2021-08-31,31,8,2021,3,2
18324,2023-02-03,3,2,2023,1,5
18325,2023-05-12,12,5,2023,2,5
18326,2021-11-08,8,11,2021,4,1
18327,2021-03-21,21,3,2021,1,0
18328,2022-06-12,12,6,2022,2,0
18329,2021-06-24,24,6,2021,2,4
18330,2023-08-31,31,8,2023,3,4
18331,2025-01-01,1,1,2025,1,3
18332,2021-10-24,24,10,2021,4,0
18333,2022-03-21,21,3,2022,1,1
18334,2022-01-04,4,1,2022,1,2
18335,2023-05-13,13,5,2023,2,6
18336,2022-06-21,21,6,2022,2,2
18337,2020-12-15,15,12,2020,4,2
18338,2023-11-24,24,11,2023,4,5
18339,2022-04-21,21,4,2022,2,4
18340,2025-04-17,17,4,2025,2,4
18341,2022-08-23,23,8,2022,3,2
18342,2022-02-26,26,2,2022,1,6
18343,2024-08-11,11,8,2024,3,0
18344,2023-12-18,18,12,2023,4,1
18345,2023-05-02,2,5,2023,2,2
18346,2025-05-12,12,5,2025,2,1
18347,2021-05-08,8,5,2021,2,6
18348,2020-06-17,17,6,2020,2,3
18349,2023-01-10,10,1,2023,1,2
18350,2023-07-31,31,7,2023,3,1
18351,2024-12-08,8,12,2024,4,0
18352,2022-07-12,12,7,2022,3,2
18353,2024-03-25,25,3,2024,1,1
18354,2024-11-14,14,11,2024,4,4
18355,2020-07-18,18,7,2020,3,6
18356,2022-06-29,29,6,2022,2,3
18357,2024-04-08,8,4,2024,2,1
18358,2024-11-21,21,11,2024,4,4
18359,2024-04-05,5,4,2024,2,5
18360,2025-03-12,12,3,2025,1,3
18361,2020-09-16,16,9,2020,3,3
18362,2021-11-23,23,11,2021,4,2
18363,2021-07-09,9,7,2021,3,5
18364,2021-09-22,22,9,2021,3,3
18365,2022-06-22,22,6,2022,2,3
18366,2021-02-01,1,2,2021,1,1
18367,2023-10-01,1,10,2023,4,0
18368,2024-12-06,6,12,2024,4,5
18369,2022-01-24,24,1,2022,1,1
18370,2022-10-24,24,10,2022,4,1
18371,2022-07-24,24,7,2022,3,0
18372,2021-06-25,25,6,2021,2,5
18373,2020-06-18,18,6,2020,2,4
18374,2024-07-10,10,7,2024,3,3
18375,2021-07-19,19,7,2021,3,1
18376,2023-10-11,11,10,2023,4,3
18377,2021-11-21,21,11,2021,4,0
18378,2021-05-16,16,5,2021,2,0
18379,2021-08-06,6,8,2021,3,5
18380,2025-04-05,5,4,2025,2,6
18381,2025-01-24,24,1,2025,1,5
18382,2021-08-01,1,8,2021,3,0
18383,2020-10-04,4,10,2020,4,0
18384,2020-08-24,24,8,2020,3,1
18385,2021-03-01,1,3,2021,1,1
18386,2022-03-28,28,3,2022,1,1
18387,2023-12-22,22,12,2023,4,5
18388,2025-02-17,17,2,2025,1,1
18389,2024-11-18,18,11,2024,4,1
18390,2023-09-16,16,9,2023,3,6
18391,2023-04-10,10,4,2023,2,1
18392,2022-03-23,23,3,2022,1,3
18393,2022-02-09,9,2,2022,1,3
18394,2024-03-29,29,3,2024,1,5
18395,2020-07-20,20,7,2020,3,1
18396,2021-11-28,28,11,2021,4,0
18397,2021-10-09,9,10,2021,4,6
18398,2024-01-07,7,1,2024,1,0
18399,2020-11-05,5,11,2020,4,4
18400,2024-07-13,13,7,2024,3,6
18401,2022-01-19,19,1,2022,1,3
18402,2022-01-01,1,1,2022,1,6
18403,2023-04-07,7,4,2023,2,5
18404,2022-03-01,1,3,2022,1,2
18405,2023-04-23,23,4,2023,2,0
18406,2021-12-22,22,12,2021,4,3
18407,2024-12-09,9,12,2024,4,1
18408,2024-12-02,2,12,2024,4,1
18409,2024-08-10,10,8,2024,3,6
18410,2025-02-08,8,2,2025,1,6
18411,2021-10-28,28,10,2021,4,4
18412,2024-03-14,14,3,2024,1,4
18413,2021-09-02,2,9,2021,3,4
18414,2025-02-07,7,2,2025,1,5
18415,2020-09-18,18,9,2020,3,5
18416,2022-12-26,26,12,2022,4,1
18417,2020-11-17,17,11,2020,4,2
18418,2020-06-26,26,6,2020,2,5
18419,2022-09-07,7,9,2022,3,3
18420,2021-05-02,2,5,2021,2,0
18421,2020-12-20,20,12,2020,4,0
18422,2020-07-13,13,7,2020,3,1
18423,2023-06-04,4,6,2023,2,0
18424,2025-03-04,4,3,2025,1,2
18425,2024-04-03,3,4,2024,2,3
18426,2022-12-16,16,12,2022,4,5
18427,2022-09-12,12,9,2022,3,1
18428,2024-07-09,9,7,2024,3,2
18429,2021-06-09,9,6,2021,2,3
18430,2021-10-04,4,10,2021,4,1
18431,2025-02-20,20,2,2025,1,4
18432,2025-04-29,29,4,2025,2,2
18433,2023-02-28,28,2,2023,1,2
18434,2025-01-21,21,1,2025,1,2
18435,2021-12-30,30,12,2021,4,4
18436,2022-01-27,27,1,2022,1,4
18437,2024-10-05,5,10,2024,4,6
18438,2025-04-18,18,4,2025,2,5
18439,2025-01-19,19,1,2025,1,0
18440,2024-08-21,21,8,2024,3,3
18441,2025-01-26,26,1,2025,1,0
18442,2022-06-03,3,6,2022,2,5
18443,2021-07-05,5,7,2021,3,1
18444,2020-10-11,11,10,2020,4,0
18445,2021-05-13,13,5,2021,2,4
18446,2023-01-11,11,1,2023,1,3
18447,2025-04-10,10,4,2025,2,4
18448,2021-06-19,19,6,2021,2,6
18449,2021-01-10,10,1,2021,1,0
18450,2020-12-28,28,12,2020,4,1
18451,2020-10-23,23,10,2020,4,5
18452,2023-07-04,4,7,2023,3,2
18453,2023-12-12,12,12,2023,4,2
18454,2024-09-03,3,9,2024,3,2
18455,2022-11-14,14,11,2022,4,1
18456,2021-03-04,4,3,2021,1,4
18457,2024-12-20,20,12,2024,4,5
18458,2024-01-10,10,1,2024,1,3
18459,2021-09-10,10,9,2021,3,5
18460,2023-10-13,13,10,2023,4,5
18461,2024-10-03,3,10,2024,4,4
18462,2024-04-14,14,4,2024,2,0
18463,2022-04-18,18,4,2022,2,1
18464,2020-09-24,24,9,2020,3,4
18465,2020-09-05,5,9,2020,3,6
18466,2021-05-21,21,5,2021,2,5
18467,2021-02-04,4,2,2021,1,4
18468,2024-04-01,1,4,2024,2,1
18469,2021-09-26,26,9,2021,3,0
18470,2021-04-17,17,4,2021,2,6
18471,2022-07-15,15,7,2022,3,5
18472,2023-02-21,21,2,2023,1,2
18473,2021-06-30,30,6,2021,2,3
18474,2021-11-11,11,11,2021,4,4
18475,2024-06-15,15,6,2024,2,6
18476,2021-06-26,26,6,2021,2,6
18477,2023-10-18,18,10,2023,4,3
18478,2024-08-25,25,8,2024,3,0
18479,2022-10-05,5,10,2022,4,3
18480,2021-06-20,20,6,2021,2,0
18481,2025-01-11,11,1,2025,1,6
18482,2024-11-28,28,11,2024,4,4
18483,2022-09-03,3,9,2022,3,6
18484,2025-05-26,26,5,2025,2,1
18485,2020-10-14,14,10,2020,4,3
18486,2021-10-16,16,10,2021,4,6
18487,2025-02-27,27,2,2025,1,4
18488,2024-06-04,4,6,2024,2,2
18489,2020-11-12,12,11,2020,4,4
18490,2024-09-06,6,9,2024,3,5
18491,2024-03-31,31,3,2024,1,0
18492,2023-05-30,30,5,2023,2,2
18493,2023-04-02,2,4,2023,2,0
18494,2023-01-03,3,1,2023,1,2
18495,2023-04-29,29,4,2023,2,6
18496,2024-09-08,8,9,2024,3,0
18497,2021-02-12,12,2,2021,1,5
18498,2023-11-26,26,11,2023,4,0
18499,2023-07-01,1,7,2023,3,6
18500,2024-07-30,30,7,2024,3,2
18501,2022-10-03,3,10,2022,4,1
18502,2020-06-24,24,6,2020,2,3
18503,2020-08-28,28,8,2020,3,5
18504,2022-10-10,10,10,2022,4,1
18505,2022-03-29,29,3,2022,1,2
18506,2021-10-23,23,10,2021,4,6
18507,2021-01-16,16,1,2021,1,6
18508,2021-07-18,18,7,2021,3,0
18509,2020-10-20,20,10,2020,4,2
18510,2022-01-13,13,1,2022,1,4
18511,2022-05-24,24,5,2022,2,2
18512,2022-08-06,6,8,2022,3,6
18513,2024-11-15,15,11,2024,4,5
18514,2021-04-19,19,4,2021,2,1
18515,2024-01-16,16,1,2024,1,2
18516,2025-06-10,10,6,2025,2,2
18517,2021-07-08,8,7,2021,3,4
18518,2023-06-17,17,6,2023,2,6
18519,2022-05-21,21,5,2022,2,6
18520,2022-11-19,19,11,2022,4,6
18521,2021-05-09,9,5,2021,2,0
18522,2020-09-01,1,9,2020,3,2
18523,2024-09-14,14,9,2024,3,6
18524,2022-04-20,20,4,2022,2,3
18525,2022-06-26,26,6,2022,2,0
18526,2022-11-01,1,11,2022,4,2
18527,2025-01-08,8,1,2025,1,3
18528,2023-04-22,22,4,2023,2,6
18529,2020-09-29,29,9,2020,3,2
18530,2021-11-02,2,11,2021,4,2
18531,2021-09-14,14,9,2021,3,2
18532,2021-01-07,7,1,2021,1,4
18533,2024-10-27,27,10,2024,4,0
18534,2022-04-12,12,4,2022,2,2
18535,2021-09-12,12,9,2021,3,0
18536,2023-08-14,14,8,2023,3,1
18537,2025-02-26,26,2,2025,1,3
18538,2023-12-19,19,12,2023,4,2
18539,2023-08-13,13,8,2023,3,0
18540,2021-04-12,12,4,2021,2,1
18541,2022-09-20,20,9,2022,3,2
18542,2021-04-21,21,4,2021,2,3
18543,2021-07-31,31,7,2021,3,6
18544,2025-05-20,20,5,2025,2,2
18545,2024-12-28,28,12,2024,4,6
18546,2022-08-14,14,8,2022,3,0
18547,2022-07-16,16,7,2022,3,6
18548,2022-07-29,29,7,2022,3,5
18549,2024-11-22,22,11,2024,4,5
18550,2023-02-23,23,2,2023,1,4
18551,2023-10-12,12,10,2023,4,4
18552,2024-12-14,14,12,2024,4,6
18553,2022-01-12,12,1,2022,1,3
18554,2024-09-25,25,9,2024,3,3
18555,2024-08-19,19,8,2024,3,1
18556,2024-07-15,15,7,2024,3,1
18557,2024-10-10,10,10,2024,4,4
18558,2024-04-29,29,4,2024,2,1
18559,2022-05-04,4,5,2022,2,3
18560,2022-02-01,1,2,2022,1,2
18561,2025-01-05,5,1,2025,1,0
18562,2022-12-28,28,12,2022,4,3
18563,2022-03-07,7,3,2022,1,1
18564,2020-07-05,5,7,2020,3,0
18565,2021-04-01,1,4,2021,2,4
18566,2022-02-18,18,2,2022,1,5
18567,2022-05-16,16,5,2022,2,1
18568,2023-07-26,26,7,2023,3,3
18569,2025-03-23,23,3,2025,1,0
18570,2024-10-07,7,10,2024,4,1
18571,2024-09-13,13,9,2024,3,5
18572,2024-02-15,15,2,2024,1,4
18573,2022-11-08,8,11,2022,4,2
18574,2024-10-28,28,10,2024,4,1
18575,2025-05-19,19,5,2025,2,1
18576,2024-03-30,30,3,2024,1,6
18577,2022-09-04,4,9,2022,3,0
18578,2022-09-26,26,9,2022,3,1
18579,2024-07-29,29,7,2024,3,1
18580,2022-12-12,12,12,2022,4,1
18581,2025-04-15,15,4,2025,2,2
18582,2022-02-02,2,2,2022,1,3
18583,2023-07-24,24,7,2023,3,1
18584,2023-03-18,18,3,2023,1,6
18585,2021-06-02,2,6,2021,2,3
18586,2024-01-20,20,1,2024,1,6
18587,2022-04-11,11,4,2022,2,1
18588,2023-11-29,29,11,2023,4,3
18589,2020-07-25,25,7,2020,3,6
18590,2025-04-21,21,4,2025,2,1
18591,2021-05-30,30,5,2021,2,0
18592,2020-08-06,6,8,2020,3,4
18593,2021-08-23,23,8,2021,3,1
18594,2022-06-06,6,6,2022,2,1
18595,2024-05-09,9,5,2024,2,4
18596,2020-12-07,7,12,2020,4,1
18597,2022-12-04,4,12,2022,4,0
18598,2024-12-07,7,12,2024,4,6
18599,2024-12-15,15,12,2024,4,0
18600,2022-12-30,30,12,2022,4,5
18601,2023-05-07,7,5,2023,2,0
18602,2022-02-20,20,2,2022,1,0
18603,2024-03-06,6,3,2024,1,3
18604,2025-03-03,3,3,2025,1,1
18605,2022-12-10,10,12,2022,4,6
18606,2021-09-09,9,9,2021,3,4
18607,2021-11-22,22,11,2021,4,1
18608,2021-01-22,22,1,2021,1,5
18609,2020-11-21,21,11,2020,4,6
18610,2020-12-24,24,12,2020,4,4
18611,2024-08-07,7,8,2024,3,3
18612,2023-08-16,16,8,2023,3,3
18613,2021-12-07,7,12,2021,4,2
18614,2023-05-14,14,5,2023,2,0
18615,2021-07-06,6,7,2021,3,2
18616,2020-07-22,22,7,2020,3,3
18617,2023-08-24,24,8,2023,3,4
18618,2021-07-12,12,7,2021,3,1
18619,2020-08-03,3,8,2020,3,1
18620,2022-07-18,18,7,2022,3,1
18621,2022-05-25,25,5,2022,2,3
18622,2020-10-27,27,10,2020,4,2
18623,2025-04-08,8,4,2025,2,2
18624,2024-05-22,22,5,2024,2,3
18625,2023-12-29,29,12,2023,4,5
18626,2024-10-01,1,10,2024,4,2
18627,2023-04-17,17,4,2023,2,1
18628,2024-03-22,22,3,2024,1,5
18629,2024-04-13,13,4,2024,2,6
18630,2023-06-14,14,6,2023,2,3
18631,2023-05-21,21,5,2023,2,0
18632,2023-02-04,4,2,2023,1,6
18633,2021-09-29,29,9,2021,3,3
18634,2024-10-24,24,10,2024,4,4
18635,2023-07-22,22,7,2023,3,6
18636,2021-12-20,20,12,2021,4,1
18637,2023-10-30,30,10,2023,4,1
18638,2022-06-05,5,6,2022,2,0
18639,2025-02-25,25,2,2025,1,2
18640,2023-06-11,11,6,2023,2,0
18641,2023-09-03,3,9,2023,3,0
18642,2022-10-18,18,10,2022,4,2
18643,2023-09-30,30,9,2023,3,6
18644,2020-12-18,18,12,2020,4,5
18645,2020-09-28,28,9,2020,3,1
18646,2021-11-04,4,11,2021,4,4
18647,2024-08-23,23,8,2024,3,5
18648,2025-01-25,25,1,2025,1,6
18649,2025-02-13,13,2,2025,1,4
18650,2024-11-06,6,11,2024,4,3
18651,2025-02-19,19,2,2025,1,3
18652,2021-02-23,23,2,2021,1,2
18653,2022-10-20,20,10,2022,4,4
18654,2022-06-18,18,6,2022,2,6
18655,2023-03-04,4,3,2023,1,6
18656,2024-06-24,24,6,2024,2,1
18657,2024-08-28,28,8,2024,3,3
18658,2025-02-10,10,2,2025,1,1
18659,2022-08-29,29,8,2022,3,1
18660,2021-06-22,22,6,2021,2,2
18661,2024-02-07,7,2,2024,1,3
18662,2024-08-04,4,8,2024,3,0
18663,2021-11-19,19,11,2021,4,5
18664,2023-12-13,13,12,2023,4,3
18665,2025-03-22,22,3,2025,1,6
18666,2021-10-13,13,10,2021,4,3
18667,2025-01-06,6,1,2025,1,1
18668,2023-02-13,13,2,2023,1,1
18669,2023-11-08,8,11,2023,4,3
18670,2024-01-09,9,1,2024,1,2
18671,2023-12-31,31,12,2023,4,0
18672,2021-03-27,27,3,2021,1,6
18673,2025-01-12,12,1,2025,1,0
18674,2022-09-25,25,9,2022,3,0
18675,2020-10-08,8,10,2020,4,4
18676,2022-01-20,20,1,2022,1,4
18677,2024-01-18,18,1,2024,1,4
18678,2022-12-19,19,12,2022,4,1
18679,2023-05-27,27,5,2023,2,6
18680,2021-02-27,27,2,2021,1,6
18681,2021-04-25,25,4,2021,2,0
18682,2022-06-15,15,6,2022,2,3
18683,2022-12-11,11,12,2022,4,0
18684,2024-12-26,26,12,2024,4,4
18685,2023-07-08,8,7,2023,3,6
18686,2020-07-08,8,7,2020,3,3
18687,2020-12-06,6,12,2020,4,0
18688,2023-01-06,6,1,2023,1,5
18689,2024-03-19,19,3,2024,1,2
18690,2022-07-05,5,7,2022,3,2
18691,2023-10-05,5,10,2023,4,4
18692,2024-08-15,15,8,2024,3,4
18693,2020-12-12,12,12,2020,4,6
18694,2023-04-21,21,4,2023,2,5
18695,2021-04-10,10,4,2021,2,6
18696,2022-09-15,15,9,2022,3,4
18697,2024-10-22,22,10,2024,4,2
18698,2021-07-28,28,7,2021,3,3
18699,2020-11-11,11,11,2020,4,3
18700,2025-06-07,7,6,2025,2,6
18701,2024-03-27,27,3,2024,1,3
18702,2020-09-06,6,9,2020,3,0
18703,2021-02-10,10,2,2021,1,3
18704,2021-08-14,14,8,2021,3,6
18705,2024-07-04,4,7,2024,3,4
18706,2021-06-15,15,6,2021,2,2
18707,2021-02-20,20,2,2021,1,6
18708,2020-12-27,27,12,2020,4,0
18709,2025-05-04,4,5,2025,2,0
18710,2024-01-02,2,1,2024,1,2
18711,2022-06-14,14,6,2022,2,2
18712,2021-03-09,9,3,2021,1,2
18713,2025-01-13,13,1,2025,1,1
18714,2022-09-30,30,9,2022,3,5
18715,2021-10-27,27,10,2021,4,3
18716,2022-03-12,12,3,2022,1,6
18717,2020-08-17,17,8,2020,3,1
18718,2022-03-19,19,3,2022,1,6
18719,2024-09-24,24,9,2024,3,2
18720,2024-10-18,18,10,2024,4,5
18721,2022-01-23,23,1,2022,1,0
18722,2023-06-12,12,6,2023,2,1
18723,2023-01-14,14,1,2023,1,6
18724,2024-09-01,1,9,2024,3,0
18725,2020-06-30,30,6,2020,2,2
18726,2023-07-09,9,7,2023,3,0
18727,2022-12-29,29,12,2022,4,4
18728,2023-12-24,24,12,2023,4,0
18729,2020-12-11,11,12,2020,4,5
18730,2021-03-18,18,3,2021,1,4
18731,2022-10-19,19,10,2022,4,3
18732,2022-04-01,1,4,2022,2,5
18733,2024-10-29,29,10,2024,4,2
18734,2022-03-09,9,3,2022,1,3
18735,2020-12-23,23,12,2020,4,3
18736,2025-04-22,22,4,2025,2,2
18737,2025-04-12,12,4,2025,2,6
18738,2020-10-15,15,10,2020,4,4
18739,2024-04-23,23,4,2024,2,2
18740,2022-07-27,27,7,2022,3,3
18741,2025-04-20,20,4,2025,2,0
18742,2022-04-30,30,4,2022,2,6
18743,2024-04-24,24,4,2024,2,3
18744,2023-08-17,17,8,2023,3,4
18745,2024-08-26,26,8,2024,3,1
18746,2023-05-28,28,5,2023,2,0
18747,2025-04-13,13,4,2025,2,0
18748,2023-03-25,25,3,2023,1,6
18749,2021-11-13,13,11,2021,4,6
18750,2020-10-30,30,10,2020,4,5
18751,2022-02-15,15,2,2022,1,2
18752,2022-12-20,20,12,2022,4,2
18753,2021-08-12,12,8,2021,3,4
18754,2022-07-07,7,7,2022,3,4
18755,2021-02-02,2,2,2021,1,2
18756,2020-09-10,10,9,2020,3,4
18757,2022-09-13,13,9,2022,3,2
18758,2024-06-27,27,6,2024,2,4
18759,2022-04-28,28,4,2022,2,4
18760,2022-01-11,11,1,2022,1,2
18761,2022-07-23,23,7,2022,3,6
18762,2024-04-27,27,4,2024,2,6
18763,2023-06-13,13,6,2023,2,2
18764,2021-08-10,10,8,2021,3,2
18765,2023-06-23,23,6,2023,2,5
18766,2021-08-25,25,8,2021,3,3
18767,2023-06-21,21,6,2023,2,3
18768,2025-02-18,18,2,2025,1,2
18769,2024-02-09,9,2,2024,1,5
18770,2023-05-05,5,5,2023,2,5
18771,2024-07-03,3,7,2024,3,3
18772,2021-07-16,16,7,2021,3,5
18773,2022-03-04,4,3,2022,1,5
18774,2024-08-24,24,8,2024,3,6
18775,2020-10-12,12,10,2020,4,1
18776,2024-07-02,2,7,2024,3,2
18777,2025-02-15,15,2,2025,1,6
18778,2024-07-24,24,7,2024,3,3
18779,2023-08-22,22,8,2023,3,2
18780,2024-06-23,23,6,2024,2,0
18781,2024-09-21,21,9,2024,3,6
18782,2021-09-25,25,9,2021,3,6
18783,2023-10-06,6,10,2023,4,5
18784,2024-03-08,8,3,2024,1,5
18785,2024-11-23,23,11,2024,4,6
18786,2020-09-08,8,9,2020,3,2
18787,2023-01-12,12,1,2023,1,4
18788,2021-02-17,17,2,2021,1,3
18789,2024-12-05,5,12,2024,4,4
18790,2020-06-15,15,6,2020,2,1
18791,2020-07-30,30,7,2020,3,4
18792,2022-02-14,14,2,2022,1,1
18793,2022-04-24,24,4,2022,2,0
18794,2022-03-06,6,3,2022,1,0
18795,2022-02-23,23,2,2022,1,3
18796,2025-05-25,25,5,2025,2,0
18797,2021-03-15,15,3,2021,1,1
18798,2023-11-20,20,11,2023,4,1
18799,2024-06-21,21,6,2024,2,5
18800,2024-02-03,3,2,2024,1,6
18801,2020-09-02,2,9,2020,3,3
18802,2020-12-05,5,12,2020,4,6
18803,2021-06-17,17,6,2021,2,4
18804,2021-09-23,23,9,2021,3,4
18805,2025-02-21,21,2,2025,1,5
18806,2020-11-06,6,11,2020,4,5
18807,2024-10-13,13,10,2024,4,0
18808,2022-05-11,11,5,2022,2,3
18809,2025-04-01,1,4,2025,2,2
18810,2024-09-10,10,9,2024,3,2
18811,2022-10-04,4,10,2022,4,2
18812,2021-03-03,3,3,2021,1,3
18813,2022-03-18,18,3,2022,1,5
18814,2023-03-02,2,3,2023,1,4
18815,2021-05-22,22,5,2021,2,6
18816,2024-01-08,8,1,2024,1,1
18817,2021-02-06,6,2,2021,1,6
18818,2021-02-21,21,2,2021,1,0
18819,2023-05-15,15,5,2023,2,1
18820,2020-07-04,4,7,2020,3,6
18821,2020-11-19,19,11,2020,4,4
18822,2021-09-16,16,9,2021,3,4
18823,2022-02-08,8,2,2022,1,2
18824,2023-06-22,22,6,2023,2,4
18825,2025-04-16,16,4,2025,2,3
18826,2024-09-15,15,9,2024,3,0
18827,2020-07-12,12,7,2020,3,0
18828,2024-05-20,20,5,2024,2,1
18829,2023-12-25,25,12,2023,4,1
18830,2021-07-29,29,7,2021,3,4
18831,2021-04-07,7,4,2021,2,3
18832,2025-03-17,17,3,2025,1,1
18833,2021-06-18,18,6,2021,2,5
18834,2022-01-08,8,1,2022,1,6
18835,2020-06-19,19,6,2020,2,5
18836,2024-12-17,17,12,2024,4,2
18837,2025-02-22,22,2,2025,1,6
18838,2024-05-15,15,5,2024,2,3
18839,2025-01-07,7,1,2025,1,2
18840,2021-05-06,6,5,2021,2,4
18841,2021-04-28,28,4,2021,2,3
18842,2022-08-28,28,8,2022,3,0
18843,2023-05-10,10,5,2023,2,3
18844,2025-04-23,23,4,2025,2,3
18845,2023-03-03,3,3,2023,1,5
18846,2022-08-03,3,8,2022,3,3
18847,2024-02-21,21,2,2024,1,3
18848,2022-02-24,24,2,2022,1,4
18849,2023-01-01,1,1,2023,1,0
18850,2020-09-14,14,9,2020,3,1
18851,2024-09-26,26,9,2024,3,4
18852,2023-08-08,8,8,2023,3,2
18853,2021-11-16,16,11,2021,4,2
18854,2022-07-31,31,7,2022,3,0
18855,2020-08-19,19,8,2020,3,3
18856,2022-02-06,6,2,2022,1,0
18857,2023-08-02,2,8,2023,3,3
18858,2023-03-22,22,3,2023,1,3
18859,2022-11-04,4,11,2022,4,5
18860,2025-03-25,25,3,2025,1,2
18861,2021-09-13,13,9,2021,3,1
18862,2025-05-14,14,5,2025,2,3
18863,2024-04-04,4,4,2024,2,4
18864,2022-05-10,10,5,2022,2,2
18865,2023-06-01,1,6,2023,2,4
18866,2022-03-02,2,3,2022,1,3
18867,2022-11-24,24,11,2022,4,4
18868,2023-06-25,25,6,2023,2,0
18869,2020-09-21,21,9,2020,3,1
18870,2022-04-07,7,4,2022,2,4
18871,2022-08-01,1,8,2022,3,1
18872,2020-09-27,27,9,2020,3,0
18873,2022-04-19,19,4,2022,2,2
18874,2022-04-16,16,4,2022,2,6
18875,2021-11-15,15,11,2021,4,1
18876,2020-09-22,22,9,2020,3,2
18877,2020-12-25,25,12,2020,4,5
18878,2021-02-03,3,2,2021,1,3
18879,2022-02-22,22,2,2022,1,2
18880,2024-05-01,1,5,2024,2,3
18881,2021-05-25,25,5,2021,2,2
18882,2021-04-14,14,4,2021,2,3
18883,2022-10-07,7,10,2022,4,5
18884,2022-02-13,13,2,2022,1,0
18885,2024-04-02,2,4,2024,2,2
18886,2022-12-22,22,12,2022,4,4
18887,2022-11-17,17,11,2022,4,4
18888,2024-07-27,27,7,2024,3,6
18889,2021-07-10,10,7,2021,3,6
18890,2023-02-27,27,2,2023,1,1
18891,2023-02-05,5,2,2023,1,0
18892,2022-08-21,21,8,2022,3,0
18893,2022-01-25,25,1,2022,1,2
18894,2020-10-24,24,10,2020,4,6
18895,2024-01-05,5,1,2024,1,5
18896,2024-07-06,6,7,2024,3,6
18897,2022-11-11,11,11,2022,4,5
18898,2021-09-03,3,9,2021,3,5
18899,2023-02-16,16,2,2023,1,4
18900,2023-07-29,29,7,2023,3,6
18901,2021-03-31,31,3,2021,1,3
18902,2023-07-20,20,7,2023,3,4
18903,2021-10-30,30,10,2021,4,6
18904,2024-11-20,20,11,2024,4,3
18905,2021-11-05,5,11,2021,4,5
18906,2024-03-02,2,3,2024,1,6
18907,2021-12-08,8,12,2021,4,3
18908,2022-10-12,12,10,2022,4,3
18909,2025-03-01,1,3,2025,1,6
18910,2023-05-25,25,5,2023,2,4
18911,2022-02-19,19,2,2022,1,6
18912,2020-08-25,25,8,2020,3,2
18913,2022-11-12,12,11,2022,4,6
18914,2021-04-02,2,4,2021,2,5
18915,2021-11-27,27,11,2021,4,6
18916,2021-07-24,24,7,2021,3,6
18917,2024-01-23,23,1,2024,1,2
18918,2024-04-10,10,4,2024,2,3
18919,2023-06-24,24,6,2023,2,6
18920,2022-09-21,21,9,2022,3,3
18921,2024-02-29,29,2,2024,1,4
18922,2023-03-19,19,3,2023,1,0
18923,2024-01-19,19,1,2024,1,5
18924,2024-08-29,29,8,2024,3,4
18925,2024-10-30,30,10,2024,4,3
18926,2020-07-11,11,7,2020,3,6
18927,2021-07-17,17,7,2021,3,6
18928,2020-09-09,9,9,2020,3,3
18929,2024-10-12,12,10,2024,4,6
18930,2024-11-02,2,11,2024,4,6
18931,2023-04-19,19,4,2023,2,3
18932,2023-08-19,19,8,2023,3,6
18933,2022-10-15,15,10,2022,4,6
18934,2021-02-07,7,2,2021,1,0
18935,2021-04-05,5,4,2021,2,1
18936,2022-07-11,11,7,2022,3,1
18937,2020-06-29,29,6,2020,2,1
18938,2023-09-21,21,9,2023,3,4
18939,2025-01-29,29,1,2025,1,3
18940,2024-08-05,5,8,2024,3,1
18941,2021-12-25,25,12,2021,4,6
18942,2020-09-11,11,9,2020,3,5
18943,2023-10-24,24,10,2023,4,2
18944,2025-05-28,28,5,2025,2,3
18945,2022-01-17,17,1,2022,1,1
18946,2020-08-26,26,8,2020,3,3
18947,2025-04-24,24,4,2025,2,4
18948,2020-11-26,26,11,2020,4,4
18949,2020-12-03,3,12,2020,4,4
18950,2023-11-23,23,11,2023,4,4
18951,2024-03-28,28,3,2024,1,4
18952,2022-06-01,1,6,2022,2,3
18953,2023-07-06,6,7,2023,3,4
18954,2023-11-17,17,11,2023,4,5
18955,2022-09-24,24,9,2022,3,6
18956,2023-07-25,25,7,2023,3,2
18957,2024-12-12,12,12,2024,4,4
18958,2024-09-12,12,9,2024,3,4
18959,2025-01-03,3,1,2025,1,5
18960,2024-03-15,15,3,2024,1,5
18961,2024-06-19,19,6,2024,2,3
18962,2023-11-05,5,11,2023,4,0
18963,2025-06-09,9,6,2025,2,1
18964,2020-10-13,13,10,2020,4,2
18965,2024-06-07,7,6,2024,2,5
18966,2025-06-01,1,6,2025,2,0
18967,2022-10-01,1,10,2022,4,6
18968,2023-04-05,5,4,2023,2,3
18969,2024-12-19,19,12,2024,4,4
18970,2024-09-07,7,9,2024,3,6
18971,2022-03-15,15,3,2022,1,2
18972,2021-11-18,18,11,2021,4,4
18973,2022-07-30,30,7,2022,3,6
18974,2020-11-29,29,11,2020,4,0
18975,2021-03-02,2,3,2021,1,2
18976,2022-05-07,7,5,2022,2,6
18977,2022-06-28,28,6,2022,2,2
18978,2021-01-17,17,1,2021,1,0
18979,2025-01-28,28,1,2025,1,2
18980,2022-10-13,13,10,2022,4,4
18981,2020-07-27,27,7,2020,3,1
18982,2024-05-13,13,5,2024,2,1
18983,2023-08-23,23,8,2023,3,3
18984,2021-05-03,3,5,2021,2,1
18985,2021-08-03,3,8,2021,3,2
18986,2023-07-10,10,7,2023,3,1
18987,2022-08-20,20,8,2022,3,6
18988,2021-05-24,24,5,2021,2,1
18989,2021-02-13,13,2,2021,1,6
18990,2021-10-18,18,10,2021,4,1
18991,2023-08-07,7,8,2023,3,1
18992,2023-04-28,28,4,2023,2,5
18993,2023-02-02,2,2,2023,1,4
18994,2022-04-26,26,4,2022,2,2
18995,2023-08-26,26,8,2023,3,6
18996,2022-04-08,8,4,2022,2,5
18997,2021-05-11,11,5,2021,2,2
18998,2023-06-03,3,6,2023,2,6
18999,2022-09-16,16,9,2022,3,5
19000,2021-11-24,24,11,2021,4,3
19001,2022-04-03,3,4,2022,2,0
19002,2023-01-17,17,1,2023,1,2
19003,2021-03-16,16,3,2021,1,2
19004,2022-05-17,17,5,2022,2,2
19005,2022-09-01,1,9,2022,3,4
19006,2020-12-26,26,12,2020,4,6
19007,2023-07-18,18,7,2023,3,2
19008,2021-08-20,20,8,2021,3,5
19009,2020-07-17,17,7,2020,3,5
19010,2022-04-10,10,4,2022,2,0
19011,2022-11-10,10,11,2022,4,4
19012,2021-11-03,3,11,2021,4,3
19013,2023-10-28,28,10,2023,4,6
19014,2025-05-21,21,5,2025,2,3
19015,2024-08-13,13,8,2024,3,2
19016,2025-05-16,16,5,2025,2,5
19017,2025-04-14,14,4,2025,2,1
19018,2024-05-12,12,5,2024,2,0
19019,2022-11-30,30,11,2022,4,3
19020,2020-10-17,17,10,2020,4,6
19021,2022-02-25,25,2,2022,1,5
19022,2025-04-25,25,4,2025,2,5
19023,2025-04-28,28,4,2025,2,1
19024,2022-05-02,2,5,2022,2,1
19025,2025-05-09,9,5,2025,2,5
19026,2022-06-20,20,6,2022,2,1
19027,2021-05-01,1,5,2021,2,6
19028,2024-11-27,27,11,2024,4,3
19029,2020-12-17,17,12,2020,4,4
19030,2021-04-04,4,4,2021,2,0
19031,2023-01-21,21,1,2023,1,6
19032,2020-12-02,2,12,2020,4,3
19033,2025-06-03,3,6,2025,2,2
19034,2022-08-08,8,8,2022,3,1
19035,2022-06-07,7,6,2022,2,2
19036,2025-01-23,23,1,2025,1,4
19037,2021-01-20,20,1,2021,1,3
19038,2024-07-22,22,7,2024,3,1
19039,2020-10-26,26,10,2020,4,1
19040,2022-06-19,19,6,2022,2,0
19041,2021-04-20,20,4,2021,2,2
19042,2021-01-29,29,1,2021,1,5
19043,2020-12-30,30,12,2020,4,3
19044,2020-07-21,21,7,2020,3,2
19045,2021-02-19,19,2,2021,1,5
19046,2022-01-07,7,1,2022,1,5
19047,2020-10-10,10,10,2020,4,6
19048,2022-11-23,23,11,2022,4,3
19049,2023-08-30,30,8,2023,3,3
19050,2021-06-04,4,6,2021,2,5
19051,2020-06-21,21,6,2020,2,0
19052,2023-03-17,17,3,2023,1,5
19053,2023-08-25,25,8,2023,3,5
19054,2025-06-02,2,6,2025,2,1
19055,2022-05-29,29,5,2022,2,0
19056,2024-04-11,11,4,2024,2,4
19057,2025-02-04,4,2,2025,1,2
19058,2020-10-21,21,10,2020,4,3
19059,2022-03-26,26,3,2022,1,6
19060,2025-04-04,4,4,2025,2,5
19061,2021-03-23,23,3,2021,1,2
19062,2022-03-03,3,3,2022,1,4
19063,2024-10-09,9,10,2024,4,3
19064,2024-07-12,12,7,2024,3,5
19065,2022-02-17,17,2,2022,1,4
19066,2021-04-30,30,4,2021,2,5
19067,2022-05-27,27,5,2022,2,5
19068,2024-07-14,14,7,2024,3,0
19069,2024-07-21,21,7,2024,3,0
19070,2022-05-31,31,5,2022,2,2
19071,2020-06-25,25,6,2020,2,4
19072,2022-11-22,22,11,2022,4,2
19073,2023-10-14,14,10,2023,4,6
19074,2020-11-02,2,11,2020,4,1
19075,2022-07-03,3,7,2022,3,0
19076,2021-06-28,28,6,2021,2,1
19077,2022-02-04,4,2,2022,1,5
19078,2024-04-30,30,4,2024,2,2
19079,2022-10-06,6,10,2022,4,4
19080,2023-09-04,4,9,2023,3,1
19081,2021-07-15,15,7,2021,3,4
19082,2025-04-11,11,4,2025,2,5
19083,2023-04-13,13,4,2023,2,4
19084,2023-09-22,22,9,2023,3,5
19085,2021-06-01,1,6,2021,2,2
19086,2021-03-08,8,3,2021,1,1
19087,2020-11-23,23,11,2020,4,1
19088,2021-09-17,17,9,2021,3,5
19089,2024-10-25,25,10,2024,4,5
19090,2020-11-27,27,11,2020,4,5
19091,2022-08-19,19,8,2022,3,5
19092,2024-03-09,9,3,2024,1,6
19093,2020-11-09,9,11,2020,4,1
19094,2023-07-15,15,7,2023,3,6
19095,2023-11-04,4,11,2023,4,6
19096,2024-01-15,15,1,2024,1,1
19097,2021-05-18,18,5,2021,2,2
19098,2023-08-18,18,8,2023,3,5
19099,2024-11-09,9,11,2024,4,6
19100,2022-05-14,14,5,2022,2,6
19101,2024-01-30,30,1,2024,1,2
19102,2021-12-29,29,12,2021,4,3
19103,2021-06-16,16,6,2021,2,3
19104,2020-12-16,16,12,2020,4,3
19105,2023-06-10,10,6,2023,2,6
19106,2024-08-27,27,8,2024,3,2
19107,2020-12-14,14,12,2020,4,1
19108,2022-03-10,10,3,2022,1,4
19109,2024-12-13,13,12,2024,4,5
19110,2025-06-08,8,6,2025,2,0
19111,2023-04-09,9,4,2023,2,0
19112,2020-07-10,10,7,2020,3,5
19113,2021-08-29,29,8,2021,3,0
19114,2021-10-25,25,10,2021,4,1
19115,2023-05-23,23,5,2023,2,2
19116,2023-12-26,26,12,2023,4,2
19117,2024-11-24,24,11,2024,4,0
19118,2022-12-08,8,12,2022,4,4
19119,2024-01-11,11,1,2024,1,4
19120,2024-05-03,3,5,2024,2,5
19121,2024-04-28,28,4,2024,2,0
19122,2024-02-18,18,2,2024,1,0
19123,2025-04-03,3,4,2025,2,4
19124,2022-01-10,10,1,2022,1,1
19125,2023-01-07,7,1,2023,1,6
19126,2025-05-05,5,5,2025,2,1
19127,2021-01-15,15,1,2021,1,5
19128,2021-09-01,1,9,2021,3,3
19129,2022-03-25,25,3,2022,1,5
19130,2023-10-27,27,10,2023,4,5
19131,2024-02-04,4,2,2024,1,0
19132,2020-08-23,23,8,2020,3,0
19133,2024-12-21,21,12,2024,4,6
19134,2023-03-16,16,3,2023,1,4
19135,2024-11-07,7,11,2024,4,4
19136,2024-09-17,17,9,2024,3,2
19137,2024-05-18,18,5,2024,2,6
19138,2022-09-14,14,9,2022,3,3
19139,2022-10-02,2,10,2022,4,0
19140,2025-05-27,27,5,2025,2,2
19141,2022-11-27,27,11,2022,4,0
19142,2020-06-23,23,6,2020,2,2
19143,2023-03-27,27,3,2023,1,1
19144,2021-02-18,18,2,2021,1,4
19145,2022-06-02,2,6,2022,2,4
19146,2020-07-01,1,7,2020,3,3
19147,2022-07-17,17,7,2022,3,0
19148,2020-11-04,4,11,2020,4,3
19149,2022-01-03,3,1,2022,1,1
19150,2021-06-23,23,6,2021,2,3
19151,2024-02-08,8,2,2024,1,4
19152,2022-05-19,19,5,2022,2,4
19153,2020-10-06,6,10,2020,4,2
19154,2022-10-30,30,10,2022,4,0
19155,2023-12-27,27,12,2023,4,3
19156,2022-12-18,18,12,2022,4,0
19157,2021-12-21,21,12,2021,4,2
19158,2022-08-17,17,8,2022,3,3
19159,2021-08-30,30,8,2021,3,1
19160,2021-08-13,13,8,2021,3,5
19161,2021-07-04,4,7,2021,3,0
19162,2024-06-05,5,6,2024,2,3
19163,2020-10-25,25,10,2020,4,0
19164,2024-03-03,3,3,2024,1,0
19165,2023-07-21,21,7,2023,3,5
19166,2023-07-05,5,7,2023,3,3
19167,2021-12-14,14,12,2021,4,2
19168,2023-05-29,29,5,2023,2,1
19169,2020-08-18,18,8,2020,3,2
19170,2022-05-15,15,5,2022,2,0
19171,2023-05-03,3,5,2023,2,3
19172,2025-05-03,3,5,2025,2,6
19173,2024-05-14,14,5,2024,2,2
19174,2024-09-30,30,9,2024,3,1
19175,2020-08-12,12,8,2020,3,3
19176,2024-03-01,1,3,2024,1,5
19177,2021-05-10,10,5,2021,2,1
19178,2023-05-01,1,5,2023,2,1
19179,2024-11-03,3,11,2024,4,0
19180,2022-09-22,22,9,2022,3,4
19181,2020-09-15,15,9,2020,3,2
19182,2024-07-08,8,7,2024,3,1
19183,2022-09-11,11,9,2022,3,0
19184,2023-12-02,2,12,2023,4,6
19185,2024-04-18,18,4,2024,2,4
19186,2023-04-11,11,4,2023,2,2
19187,2020-08-14,14,8,2020,3,5
19188,2021-12-31,31,12,2021,4,5
19189,2021-12-27,27,12,2021,4,1
19190,2021-04-24,24,4,2021,2,6
19191,2023-03-26,26,3,2023,1,0
19192,2023-09-14,14,9,2023,3,4
19193,2020-08-13,13,8,2020,3,4
19194,2025-02-06,6,2,2025,1,4
19195,2021-12-11,11,12,2021,4,6
19196,2020-11-18,18,11,2020,4,3
19197,2024-11-08,8,11,2024,4,5
19198,2025-05-15,15,5,2025,2,4
19199,2022-01-28,28,1,2022,1,5
19200,2023-10-31,31,10,2023,4,2
19201,2025-05-31,31,5,2025,2,6
19202,2024-02-01,1,2,2024,1,4
19203,2024-07-23,23,7,2024,3,2
19204,2022-08-02,2,8,2022,3,2
19205,2023-02-12,12,2,2023,1,0
19206,2024-05-17,17,5,2024,2,5
19207,2023-09-06,6,9,2023,3,3
19208,2023-02-15,15,2,2023,1,3
19209,2023-06-28,28,6,2023,2,3
19210,2022-07-10,10,7,2022,3,0
19211,2021-06-13,13,6,2021,2,0
19212,2023-09-05,5,9,2023,3,2
19213,2024-07-25,25,7,2024,3,4
19214,2024-02-06,6,2,2024,1,2
19215,2024-09-23,23,9,2024,3,1
19216,2023-02-19,19,2,2023,1,0
19217,2021-08-26,26,8,2021,3,4
19218,2021-03-05,5,3,2021,1,5
19219,2021-03-29,29,3,2021,1,1
19220,2022-03-11,11,3,2022,1,5
19221,2024-11-17,17,11,2024,4,0
19222,2020-09-04,4,9,2020,3,5
19223,2021-05-04,4,5,2021,2,2
19224,2024-01-04,4,1,2024,1,4
19225,2025-04-26,26,4,2025,2,6
19226,2021-07-21,21,7,2021,3,3
19227,2021-08-04,4,8,2021,3,3
19228,2023-10-25,25,10,2023,4,3
19229,2024-01-12,12,1,2024,1,5
19230,2023-02-07,7,2,2023,1,2
19231,2022-08-18,18,8,2022,3,4
19232,2022-12-24,24,12,2022,4,6
19233,2022-06-17,17,6,2022,2,5
19234,2023-03-28,28,3,2023,1,2
19235,2022-04-05,5,4,2022,2,2
19236,2020-11-07,7,11,2020,4,6
19237,2023-09-25,25,9,2023,3,1
19238,2024-01-27,27,1,2024,1,6
19239,2023-07-11,11,7,2023,3,2
19240,2022-04-13,13,4,2022,2,3
19241,2024-08-30,30,8,2024,3,5
19242,2024-10-26,26,10,2024,4,6
19243,2025-04-19,19,4,2025,2,6
19244,2023-06-15,15,6,2023,2,4
19245,2021-06-08,8,6,2021,2,2
19246,2021-07-30,30,7,2021,3,5
19247,2022-06-25,25,6,2022,2,6
19248,2024-08-14,14,8,2024,3,3
19249,2022-03-08,8,3,2022,1,2
19250,2022-07-02,2,7,2022,3,6
19251,2023-06-20,20,6,2023,2,2
19252,2023-08-09,9,8,2023,3,3
19253,2024-09-02,2,9,2024,3,1
19254,2023-11-10,10,11,2023,4,5
19255,2024-06-26,26,6,2024,2,3
19256,2023-06-26,26,6,2023,2,1
19257,2023-08-20,20,8,2023,3,0
19258,2024-09-28,28,9,2024,3,6
19259,2022-03-05,5,3,2022,1,6
19260,2022-10-16,16,10,2022,4,0
19261,2023-05-18,18,5,2023,2,4
19262,2025-02-12,12,2,2025,1,3
19263,2020-10-09,9,10,2020,4,5
19264,2024-05-23,23,5,2024,2,4
19265,2024-10-06,6,10,2024,4,0
19266,2023-06-30,30,6,2023,2,5
19267,2023-08-28,28,8,2023,3,1
19268,2024-04-12,12,4,2024,2,5
19269,2021-11-17,17,11,2021,4,3
19270,2022-04-22,22,4,2022,2,5
19271,2021-08-16,16,8,2021,3,1
19272,2021-12-12,12,12,2021,4,0
19273,2021-08-05,5,8,2021,3,4
19274,2023-03-20,20,3,2023,1,1
19275,2023-04-20,20,4,2023,2,4
19276,2021-09-30,30,9,2021,3,4
19277,2020-07-23,23,7,2020,3,4
19278,2024-12-25,25,12,2024,4,3
19279,2020-08-27,27,8,2020,3,4
19280,2022-03-14,14,3,2022,1,1
19281,2024-01-13,13,1,2024,1,6
19282,2024-11-19,19,11,2024,4,2
19283,2020-12-22,22,12,2020,4,2
19284,2020-08-29,29,8,2020,3,6
19285,2023-09-15,15,9,2023,3,5
19286,2022-12-21,21,12,2022,4,3
19287,2023-12-21,21,12,2023,4,4
19288,2023-03-13,13,3,2023,1,1
19289,2021-05-14,14,5,2021,2,5
19290,2025-03-16,16,3,2025,1,0
19291,2024-08-16,16,8,2024,3,5
19292,2021-09-04,4,9,2021,3,6
19293,2021-12-19,19,12,2021,4,0
19294,2020-11-16,16,11,2020,4,1
19295,2021-03-24,24,3,2021,1,3
19296,2021-02-28,28,2,2021,1,0
19297,2023-09-02,2,9,2023,3,6
19298,2024-05-21,21,5,2024,2,2
19299,2023-10-10,10,10,2023,4,2
19300,2020-09-07,7,9,2020,3,1
19301,2023-11-07,7,11,2023,4,2
19302,2022-06-09,9,6,2022,2,4
19303,2025-01-18,18,1,2025,1,6
19304,2021-10-26,26,10,2021,4,2
19305,2024-06-06,6,6,2024,2,4
19306,2025-03-30,30,3,2025,1,0
19307,2023-09-07,7,9,2023,3,4
19308,2025-03-08,8,3,2025,1,6
19309,2024-03-21,21,3,2024,1,4
19310,2023-02-14,14,2,2023,1,2
19311,2022-12-01,1,12,2022,4,4
19312,2024-07-17,17,7,2024,3,3
19313,2023-11-03,3,11,2023,4,5
19314,2024-02-26,26,2,2024,1,1
19315,2024-12-22,22,12,2024,4,0
19316,2024-07-28,28,7,2024,3,0
19317,2021-12-06,6,12,2021,4,1
19318,2021-05-26,26,5,2021,2,3
19319,2020-12-29,29,12,2020,4,2
19320,2021-02-08,8,2,2021,1,1
19321,2024-12-10,10,12,2024,4,2
19322,2022-12-23,23,12,2022,4,5
19323,2023-03-10,10,3,2023,1,5
19324,2024-12-01,1,12,2024,4,0
19325,2022-11-15,15,11,2022,4,2
19326,2021-07-27,27,7,2021,3,2
19327,2024-08-12,12,8,2024,3,1
19328,2023-10-04,4,10,2023,4,3
19329,2023-09-10,10,9,2023,3,0
19330,2024-09-09,9,9,2024,3,1
19331,2024-12-11,11,12,2024,4,3
19332,2024-10-31,31,10,2024,4,4
19333,2025-02-14,14,2,2025,1,5
19334,2022-11-02,2,11,2022,4,3
19335,2023-02-11,11,2,2023,1,6
19336,2025-05-10,10,5,2025,2,6
19337,2022-11-05,5,11,2022,4,6
19338,2023-12-08,8,12,2023,4,5
19339,2020-11-08,8,11,2020,4,0
19340,2022-07-09,9,7,2022,3,6
19341,2024-06-11,11,6,2024,2,2
19342,2021-03-25,25,3,2021,1,4
19343,2020-11-15,15,11,2020,4,0
19344,2024-12-24,24,12,2024,4,2
19345,2020-07-16,16,7,2020,3,4
19346,2025-04-07,7,4,2025,2,1
19347,2023-03-06,6,3,2023,1,1
19348,2021-01-01,1,1,2021,1,5
19349,2025-06-06,6,6,2025,2,5
19350,2020-08-04,4,8,2020,3,2
19351,2022-01-15,15,1,2022,1,6
19352,2025-02-01,1,2,2025,1,6
19353,2023-04-01,1,4,2023,2,6
19354,2022-09-27,27,9,2022,3,2
19355,2021-01-27,27,1,2021,1,3
19356,2023-07-12,12,7,2023,3,3
19357,2021-10-07,7,10,2021,4,4
19358,2024-07-19,19,7,2024,3,5
